Process,Error,BFF endpoint,copy it,copy en
Delegation Process,delegationNotAllowedForTenant,POST /producers/delegations,Non puoi scegliere questo ente per la delega perché non è una Pubblica Amministrazione. Scegli un altro ente.,You can't select this party for the delegation because it isn't a Public Administration. Select another party.
Delegation Process,incorrectState,POST /producers/delegations/:delegationId/approve,La delega non è più in attesa di approvazione. Aggiorna la pagina.,The delegation is no longer waiting for approval. Refresh the page.
Delegation Process,incorrectState,DELETE /producers/delegations/:delegationId,Non puoi revocare la delega perché non è più attiva. Aggiorna la pagina.,You can't revoke the delegation because it is no longer active. Refresh the page.
Delegation Process,delegationNotAllowedForTenant,POST /consumers/delegations,Non puoi scegliere questo ente per la delega perché non è una Pubblica Amministrazione. Scegli un altro ente.,You can't select this party for the delegation because it isn't a Public Administration. Select another party.
Delegation Process,incorrectState,POST /consumers/delegations/:delegationId/approve,La delega non è più in attesa di approvazione. Aggiorna la pagina.,The delegation is no longer waiting for approval. Refresh the page.
Delegation Process,incorrectState,DELETE /consumers/delegations/:delegationId,Non puoi revocare la delega perché non è più attiva. Aggiorna la pagina.,You can't revoke the delegation because it is no longer active. Refresh the page.
Tenant Process,expirationDateCannotBeInThePast,POST /tenants/:tenantId/attributes/verified/:attributeId,La data di scadenza deve essere successiva a oggi. Seleziona una data futura.,The expiration date must be later than today. Select a future date.
Tenant Process,certifiedAttributeAlreadyAssigned,POST /tenants/:tenantId/attributes/certified,L’ente possiede già l'attributo certificato{attributeName}. Aggiorna la pagina.,The party already has the certified attribute {attributeName}. Refresh the page.
Tenant Process,certifiedAttributeAlreadyAssigned,POST /tenants/:tenantId/attributes/certifiedDiscrete,L’ente possiede già l'attributo certificato{attributeName}. Aggiorna la pagina.,The party already has the certified attribute {attributeName}. Refresh the page.
Tenant Process,expirationDateCannotBeInThePast,POST /tenants/:tenantId/attributes/verified,La data di scadenza deve essere successiva a oggi. Seleziona una data futura.,The expiration date must be later than today. Select a future date.
Purpose Process,duplicatedPurposeTitle,POST /purposes,"Esiste già una finalità con lo stesso nome per questo e-service. Vai su ""Modifica bozza"" per scegliere un altro nome, oppure elimina questa bozza e riprova.","There is already a purpose with the same name for this e-service. Go to “Edit draft” to choose a different name, or delete this draft and try again."
Purpose Process,duplicatedPurposeTitle,POST /reverse/purposes,"Esiste già una finalità con lo stesso nome per questo e-service. Vai su ""Modifica bozza"" per scegliere un altro nome, oppure elimina questa bozza e riprova.","There is already a purpose with the same name for this e-service. Go to “Edit draft” to choose a different name, or delete this draft and try again."
Purpose Process,duplicatedPurposeTitle,POST /purposes/:purposeId,Esiste già una finalità con lo stesso nome per questo e-service. Scegli un altro nome.,There is already a purpose with the same name for this e-service. Choose a different name.
Purpose Process,duplicatedPurposeTitle,POST /purposes/:purposeId/clone,"Esiste già una finalità con lo stesso nome per questo e-service. Vai su ""Modifica bozza"" per scegliere un altro nome, oppure elimina questa bozza e riprova.","There is already a purpose with the same name for this e-service. Go to “Edit draft” to choose a different name, or delete this draft and try again."
Purpose Process,duplicatedPurposeTitle,POST /purposeTemplates/:purposeTemplateId/purposes,"Esiste già una finalità con lo stesso nome per questo e-service. Vai su ""Modifica bozza"" per scegliere un altro nome, oppure elimina questa bozza e riprova.","There is already a purpose with the same name for this e-service. Go to “Edit draft” to choose a different name, or delete this draft and try again."
Purpose Process,duplicatedPurposeTitle,PATCH /purposeTemplates/:purposeTemplateId/purposes/:purposeId,Esiste già una finalità con lo stesso nome per questo e-service. Scegli un altro nome.,There is already a purpose with the same name for this e-service. Choose a different name.
Catalog Process,eServiceNameDuplicateForProducer,POST /eservices,Esiste già un e-service con lo stesso nome. Scegli un altro nome.,There is already an e-service with the same name. Choose a different name.
Catalog Process,eserviceTemplateNameConflict,POST /eservices,Esiste già un template e-service con lo stesso nome. Scegli un altro nome.,There is already a template with the same name. Choose a different name.
Catalog Process,eServiceNameDuplicateForProducer,POST /templates/:templateId/eservices,Esiste già un e-service con la parola identificativa {identifyingWord}. Scegli un'altra parola identificativa.,There is already an e-service with the identifying word {identifyingWord}. Choose a different identifying word.
Catalog Process,eServiceNameDuplicateForProducer,POST /templates/eservices/:eServiceId,Esiste già un e-service con la parola identificativa {identifyingWord}. Scegli un'altra parola identificativa.,There is already an e-service with the identifying word {identifyingWord}. Choose a different identifying word.
Catalog Process,gracePeriodDaysLowerThanDescriptor,POST /eservices/:eServiceId/scheduleArchive,Non puoi archiviare l’e-service prima di una versione già in fase di archiviazione. Seleziona una durata più lunga.,You can't archive the e-service before a version that is already being archived. Select a longer duration.
Catalog Process,gracePeriodDaysLowerThanDescriptor,POST /eservices/:eServiceId/submitDelegatedArchiving,Non puoi archiviare l’e-service prima di una versione già in fase di archiviazione. Seleziona una durata più lunga.,You can't archive the e-service before a version that is already being archived. Select a longer duration.
Catalog Process,documentPrettyNameDuplicate,POST /eservices/:eServiceId/descriptors/:descriptorId/documents,Esiste già un documento con lo stesso nome in questa versione. Rinomina il documento.,There is already a document with the same name in this version. Rename the document.
Catalog Process,checksumDuplicate,POST /eservices/:eServiceId/descriptors/:descriptorId/documents,Il file che hai provato a caricare ha lo stesso contenuto di un documento già allegato a questa versione. Scegli un file con contenuto diverso.,The file you tried to upload has the same content as a document already attached to this version. Choose a file with different content.
Catalog Process,documentPrettyNameDuplicate,POST /eservices/:eServiceId/descriptors/:descriptorId/documents/:documentId/update,Esiste già un documento con lo stesso nome in questa versione. Rinomina il documento.,There is already a document with the same name in this version. Choose another name.
Catalog Process,riskAnalysisDuplicated,POST /eservices/:eServiceId/riskAnalysis,Esiste già una finalità con lo stesso nome per questo e-service. Scegli un altro nome.,There is already a purpose with the same name for this e-service. Choose a different name.
Catalog Process,riskAnalysisDuplicated,POST /eservices/:eServiceId/riskAnalysis/:riskAnalysisId,Esiste già una finalità con lo stesso nome per questo e-service. Scegli un altro nome.,There is already a purpose with the same name for this e-service. Choose a different name.
Catalog Process,eServiceNameDuplicateForProducer,POST /eservices/:eServiceId/name/update,Esiste già un e-service con lo stesso nome. Scegli un altro nome.,There is already an e-service with the same name. Choose a different name.
Catalog Process,eserviceTemplateNameConflict,POST /eservices/:eServiceId/name/update,Esiste già un template e-service con lo stesso nome. Scegli un altro nome.,There is already a template with the same name. Choose a different name.
Catalog Process,eServiceNameDuplicateForProducer,POST /templates/eservices/:eServiceId/instanceLabel/update,Esiste già un e-service con la parola identificativa {identifyingWord}. Scegli un'altra parola identificativa.,There is already an e-service with the identifying word {identifyingWord}. Choose a different identifying word.
Catalog Process,gracePeriodDaysLowerThanDescriptor,POST /eservices/:eServiceId/descriptors/:descriptorId/submitDelegatedArchiving,,
Attribute Registry Process,attributeDuplicate,POST /certifiedAttributes,Esiste già un attributo certificato con lo stesso nome. Scegli un altro nome.,There is already a certified attribute with the same name. Choose a different name.
Attribute Registry Process,attributeDuplicate,POST /certifiedDiscreteAttributes,Esiste già un attributo certificato con lo stesso nome. Scegli un altro nome.,There is already a certified attribute with the same name. Choose a different name.
Attribute Registry Process,attributeDuplicate,POST /declaredAttributes,Esiste già un attributo con questo nome. Scegli un altro nome.,An attribute with this name already exists. Choose another name.
Attribute Registry Process,attributeDuplicate,POST /verifiedAttributes,Esiste già un attributo con questo nome. Scegli un altro nome.,An attribute with this name already exists. Choose another name.
Authorization Process,notAllowedPrivateKeyException,POST /clients/:clientId/keys,Hai inserito una chiave privata. Sostituiscila con una chiave pubblica RSA in formato PEM.,"You entered the private key, replace it with the public key from the same key pair."
Authorization Process,notAllowedCertificateException,POST /clients/:clientId/keys,Hai inserito un certificato che contiene una chiave pubblica e altri dati. Inserisci solo una chiave pubblica RSA in formato PEM.,"You entered a certificate, which contains a public key and other data. Enter only an RSA public key in PEM format."
Authorization Process,notAllowedMultipleKeysException,POST /clients/:clientId/keys,"Hai inserito dei blocchi di testo non necessari. Inserisci una sola chiave pubblica RSA completa, comprese le righe che segnalano l'inizio e la fine.","You entered unnecessary text blocks. Enter a single complete RSA public key, including the lines that mark the beginning and end."
Authorization Process,invalidPublicKey,POST /clients/:clientId/keys,Hai inserito una chiave non completa o non valida. Inserisci una chiave pubblica RSA completa in formato PEM.,You entered an incomplete or invalid key. Enter a complete RSA public key in PEM format.
Authorization Process,notAnRSAKey,POST /clients/:clientId/keys,Hai inserito un tipo di chiave non supportato. Inserisci una chiave pubblica RSA in formato PEM.,You entered an unsupported key type. Enter an RSA public key in PEM format.
Authorization Process,invalidKeyLength,POST /clients/:clientId/keys,Hai inserito una chiave troppo corta. Inserisci una chiave pubblica RSA da almeno 2048 bit in formato PEM.,You entered a key that is too short. Enter an RSA public key of at least 2048 bits in PEM format.
Authorization Process,keyAlreadyExists,POST /clients/:clientId/keys,"Hai inserito una chiave già registrata su PDND. Se te ne serve una nuova, genera una coppia RSA da almeno 2048 bit e inserisci la chiave pubblica in formato PEM.","You entered a key that is already registered on PDND. If you need a new one, generate an RSA key pair of at least 2048 bits and enter the public key in PEM format."
Authorization Process,userNotAllowedToDeleteClientKey,DELETE /clients/:clientId/keys/:keyId,Non puoi eliminare la chiave {keyName} perché è stata aggiunta da un altro operatore. Chiedi a chi l’ha aggiunta o a un amministratore del tuo ente di eliminarla.,You can't delete the key {keyName} because it was added by another operator. Ask the person who added it or an administrator of your party to delete it.
Authorization Process,invalidPublicKey,POST /producerKeychains/:producerKeychainId/keys,Hai inserito una chiave non completa o non valida. Inserisci una chiave pubblica RSA completa in formato PEM.,You entered an incomplete or invalid key. Enter a complete RSA public key in PEM format.
Authorization Process,notAnRSAKey,POST /producerKeychains/:producerKeychainId/keys,Hai inserito un tipo di chiave non supportato. Inserisci una chiave pubblica RSA in formato PEM.,You entered an unsupported key type. Enter an RSA public key in PEM format.
Authorization Process,invalidKeyLength,POST /producerKeychains/:producerKeychainId/keys,Hai inserito una chiave troppo corta. Inserisci una chiave pubblica RSA da almeno 2048 bit in formato PEM.,You entered a key that is too short. Enter an RSA public key of at least 2048 bits in PEM format.
EService Template Process,eserviceTemplateDuplicate,POST /eservices/templates,Esiste già un template e-service con lo stesso nome. Scegli un altro nome.,There is already an e-service template with the same name. Choose a different name.
EService Template Process,documentPrettyNameDuplicate,POST /eservices/templates/:eServiceTemplateId/versions/:eServiceTemplateVersionId/documents,Esiste già un documento con lo stesso nome in questa versione. Rinomina il documento.,There is already a document with the same name in this version. Choose another name.
EService Template Process,checksumDuplicate,POST /eservices/templates/:eServiceTemplateId/versions/:eServiceTemplateVersionId/documents,Il file che hai provato a caricare ha lo stesso contenuto di un documento già allegato a questa versione. Scegli un file con contenuto diverso.,The file you tried to upload has the same content as a document already attached to this version. Choose a file with different content.
EService Template Process,documentPrettyNameDuplicate,POST /eservices/templates/:eServiceTemplateId/versions/:eServiceTemplateVersionId/documents/:documentId/update,Esiste già un documento con lo stesso nome in questa versione. Rinomina il documento.,There is already a document with the same name in this version. Choose another name.
EService Template Process,riskAnalysisNameDuplicate,POST /eservices/templates/:eServiceTemplateId/riskAnalysis,Esiste già una finalità con questo nome nel template e-service. Scegli un altro nome.,A purpose with this name already exists in the e-service template. Choose another name.
EService Template Process,eserviceTemplateDuplicate,POST /eservices/templates/:eServiceTemplateId/name/update,Esiste già un template e-service con lo stesso nome. Scegli un altro nome.,There is already an e-service template with the same name. Choose a different name.
Purpose Template Process,invalidAssociatedEServiceForPublicationError,POST /purposeTemplates/:purposeTemplateId/unsuspend,"Non puoi riattivare il template finalità perché l'e-service suggerito per questo template è sospeso, in archiviazione o archiviato.","You can't reactivate the purpose template because one of the suggested e-service versions is suspended, being archived, or archived."
Purpose Template Process,invalidAssociatedEServiceForPublicationError,POST /purposeTemplates/:purposeTemplateId/publish,"Non puoi pubblicare il template finalità perché l'e-service suggerito è sospeso, in fase di archiviazione o archiviato.","You can't publish the purpose template because a version of a linked e-service is suspended, being archived, or archived."
Purpose Template Process,conflictDocumentPrettyNameDuplicate,POST /purposeTemplates/:purposeTemplateId/riskAnalysis/answers/:answerId/annotation/documents,Esiste già un documento con lo stesso nome tra gli allegati di questa annotazione. Rinomina il documento.,There is already a document with the same name in this annotation. Rename the document.
Purpose Template Process,conflictDuplicatedDocument,POST /purposeTemplates/:purposeTemplateId/riskAnalysis/answers/:answerId/annotation/documents,Il file che hai provato a caricare ha lo stesso contenuto di un documento già allegato a questa annotazione. Scegli un file con contenuto diverso.,The file you tried to upload has the same content as a document already attached to this annotation. Choose a file with different content.
Purpose Template Process,hyperlinkDetectionError,POST /purposeTemplates/:purposeTemplateId/riskAnalysis/answers,"Hai inserito un link nelle annotazioni, ma il campo accetta solo testo. Rimuovi il link per continuare.","You entered a link in the annotations, but this field only accepts text. Remove the link to continue."
Purpose Template Process,hyperlinkDetectionError,PUT /purposeTemplates/:purposeTemplateId/riskAnalysis/answers/:answerId/annotation,"Hai inserito un link nelle annotazioni, ma il campo accetta solo testo. Rimuovi il link per continuare.","You entered a link in the annotations, but this field only accepts text. Remove the link to continue."
Purpose Template Process,conflictDocumentPrettyNameDuplicate,POST /purposeTemplates/:purposeTemplateId/riskAnalysis/answers/:answerId/annotation/documents/:documentId/update,Esiste già un documento con lo stesso nome tra gli allegati di questa annotazione. Rinomina il documento.,There is already a document with the same name in this annotation. Rename the document.
Agreement Process,agreementSubmissionFailed,POST /agreements/:agreementId/submit,Non puoi inviare la richiesta di fruizione perché il tuo ente non soddisfa almeno uno degli attributi richiesti. Aggiorna la pagina per controllare gli attributi e lo stato della richiesta.,You cannot submit the service request because your party is missing at least one required attribute. Refresh the page to check the attributes and the request’s status.
Agreement Process,agreementNotInExpectedState,POST /agreements/:agreementId/approve,Questa richiesta di fruizione non è più in attesa di approvazione. Aggiorna la pagina per vedere il suo stato attuale.,This service request is no longer awaiting approval. Refresh the page to see its current status.
Agreement Process,agreementActivationFailed,POST /agreements/:agreementId/approve,Non puoi approvare questa richiesta di fruizione perché l’ente fruitore non soddisfa tutti gli attributi richiesti.,You cannot approve this service request because some of the consumer party’s access requirements are not satisfied.
Agreement Process,descriptorNotInExpectedState,POST /agreements/:agreementId/approve,Non puoi attivare questa richiesta di fruizione perché la versione dell’e-service è in fase di archiviazione o è archiviata. Aggiorna la pagina per controllarne lo stato.,You cannot activate this service request because its e-service version is being archived or has been archived. Refresh the page to check its status.
Agreement Process,agreementNotInExpectedState,POST /agreements/:agreementId/unsuspend,Questa richiesta di fruizione non è più sospesa. Aggiorna la pagina per vedere il suo stato attuale.,This service request is no longer suspended. Refresh the page to see its current status.
Agreement Process,agreementActivationFailed,POST /agreements/:agreementId/unsuspend,UNKNOWN / TO VERIFY,UNKNOWN / TO VERIFY
Agreement Process,descriptorNotInExpectedState,POST /agreements/:agreementId/unsuspend,Non puoi riattivare questa richiesta di fruizione perché la versione dell’e-service è in fase di archiviazione o è archiviata. Aggiorna la pagina per vedere il suo stato attuale.,You cannot reactivate this service request because its e-service version is being archived or has been archived. Refresh the page to see its current status.
Agreement Process,documentsChangeNotAllowed,POST /agreements/:agreementId/consumer-documents,Non puoi caricare il documento perché la richiesta di fruizione non è più in bozza. Aggiorna la pagina per vedere il suo stato attuale.,You cannot upload the document because the service request is no longer a draft. Refresh the page to see its current status.
Agreement Process,documentNotFound,GET /agreements/:agreementId/consumer-documents/:documentId,Non puoi scaricare il documento perché non risulta più allegato alla richiesta di fruizione. Aggiorna la pagina per vedere i documenti disponibili.,You cannot download the document because it is no longer attached to the service request. Refresh the page to check the available documents.
Agreement Process,documentNotFound,DELETE /agreements/:agreementId/consumer-documents/:documentId,Non puoi eliminare il documento perché non risulta più allegato alla richiesta di fruizione. Aggiorna la pagina per vedere i documenti disponibili.,You cannot delete the document because it is no longer attached to the service request. Refresh the page to check the available documents.
Agreement Process,documentsChangeNotAllowed,DELETE /agreements/:agreementId/consumer-documents/:documentId,Non puoi eliminare il documento perché la richiesta di fruizione non è più in bozza. Aggiorna la pagina per vedere il suo stato attuale.,You cannot delete the document because the service request is no longer a draft. Refresh the page to see its current status.
Agreement Process,agreementNotInExpectedState,POST /agreements/:agreementId/suspend,Non puoi sospendere questa richiesta di fruizione. Aggiorna la pagina per vedere il suo stato attuale.,You cannot suspend this service request. Refresh the page to see its current state.
Agreement Process,agreementNotInExpectedState,POST /agreements/:agreementId/reject,Non puoi rifiutare questa richiesta di fruizione perché non è più in attesa di approvazione. Aggiorna la pagina per vedere il suo stato attuale.,You cannot reject this service request because it is no longer awaiting approval. Refresh the page to see its current status.
Agreement Process,agreementNotInExpectedState,POST /agreements/:agreementId/archive,Non puoi archiviare questa richiesta di fruizione. Aggiorna la pagina per vedere il suo stato attuale.,You cannot archive this service request because it is no longer active or suspended. Refresh the page to see its current status.
Agreement Process,notLatestEServiceDescriptor,POST /agreements,"Non puoi richiedere la fruizione di questa versione perché non è la più recente. Aggiorna la pagina e, se disponibile, crea una richiesta per l'ultima versione.","You cannot submit a service request for this e-service version because it is not the latest one. Refresh the page and, if available, create the request for the latest version."
Agreement Process,descriptorNotInExpectedState,POST /agreements,Non puoi richiedere la fruizione di questa versione perché non è più disponibile. Aggiorna la pagina per vedere il suo stato attuale.,You cannot submit a service request for this e-service version because is not available anymore. Refresh the page to see its current status.
Agreement Process,missingCertifiedAttributesError,POST /agreements,Non puoi richiedere la fruizione perché manca almeno un attributo certificato richiesto. Aggiorna la pagina per controllare gli attributi.,You cannot submit a service request for this e-service version because the consumer party is missing required certified attributes. Refresh the page to check which ones are missing.
Agreement Process,agreementAlreadyExists,POST /agreements,Esiste già una richiesta di fruizione per questo e-service. Aggiorna la pagina delle richieste di fruizione inviate.,A service request for this e-service already exists. Refresh the submitted request page.
Agreement Process,missingCertifiedAttributesError,POST /agreements/:agreementId/clone,Non puoi duplicare questa richiesta di fruizione perché manca almeno uno degli attributi certificati richiesti. Aggiorna la pagina per controllare gli attributi.,You cannot duplicate this service request because there are some missing certified attributes required by the e-service version. Refresh the page to check which ones are missing.
Agreement Process,agreementAlreadyExists,POST /agreements/:agreementId/clone,Non puoi duplicare questa richiesta di fruizione perché per questo e-service esiste già una richiesta in corso o attiva. ,You cannot duplicate the service request because another request for this e-service is already in progress or active.